From,To
Chipre,Suecia
Dinamarca,Suecia
Moldavia,Suecia
Holanda,Suecia
Albania,Suecia
Estonia,Suecia
Malta,Suecia
Lituania,Suecia
Noruega,Finlandia
Suiza,República Checa
Francia,Israel
Armenia,Israel
Azerbaiyán,Israel
Rumanía,Italia
San Marino,Italia
Austria,Italia
Croacia,Italia
Eslovenia,Italia
República Checa,Ucrania
Australia,Bélgica
Grecia,Bélgica
Georgia,Bélgica
Letonia,Estonia
Islandia,Australia
Portugal,Australia
Suecia,República Checa
Israel,Suecia
Finlandia,Suecia
Italia,Israel
Ucrania,Suecia
Bélgica,Austria
España,Suecia
Polonia,Israel
Serbia,Eslovenia
Reino Unido,Suecia
Alemania,Suecia
Irlanda,Suecia
